id,title,error
1059,"Before 2051, will a meteor cause more injuries than the one that shook Chelyabinsk, Russia in 2013?",0.0
1432,Will humans have a sustainable off-world presence by 2100?,0.0
1385,Qualia Research Institute Question Series: Will Psilocybin be a clinically approved treatment for end-of-life anxiety by 2027?,0.0
7552,Will the Confederate monument on Stone Mountain be defaced or destroyed before 2035?,0.0
26717,"Five years after AGI, will there be widely available radical life extension treatment?",0.0
15375,Will faster-than-light communication be possible before 2300?,0.0
15098,Will a post-Putin Russia substantially democratise within 5 years?,0.0
658,Will we reach the island of stability by 2050?,0.010000000000000009
8583,Will at least 10 of the 20 highest grossing new movies in the year 2050 be remakes of previous movies or continuations of previous movie franchises?,0.010000000000000009
1480,"Will any intelligent living being (human descendants, aliens, etc.) ever listen to the copy of Blind Willie Johnson's ""Dark Was the Night"" on Voyager I's Golden Record?",0.010000000000000009
8403,"By 2050, will at least 25% of Year-End Billboard Hot 100 songs be primarily composed by AI?",0.010000000000000009
7631,Will Israel recognize Palestine by 2070?,0.01799999999999996
604,"Will gravitational waves from the merger of supermassive black holes be detected by November 30, 2027?",0.020000000000000018
161,Will the Universe end?,0.020000000000000018
6615,Will Alcor go bankrupt before any of their patients are revived?,0.02200000000000002
2632,Will Nigeria's population exceed 400 million before 2050?,0.02699999999999997
2665,Will Volkswagen Group produce fewer than 22 million electric vehicles by 2030?,0.027000000000000024
7819,Will Taliban-controlled Afghanistan be used as a base for anti-NATO terrorism before 2027?,0.029000000000000026
8391,"If nuclear conflict occurs by 2030, will it start in the period June-September?",0.02999999999999997
8558,Will polygamy be legal nationwide in the US by 2050?,0.03
12264,Will the Tasmanian Tiger be brought back from extinction before 2035?,0.03
10767,Will Moldova control Transnistria before 2028?,0.03
20157,Will any Chinese semiconductor foundry have 20% or more global semiconductor market share before 2033?,0.030000000000000027
9534,Will the USA be one of the first ten countries to embryo select >10% of its newborns for intelligence?,0.03400000000000003
7512,Will armed conflict between the Republic of China (Taiwan) and the People's Republic of China (PRC) cause at least 100 deaths before 2050?,0.039999999999999925
3517,Will there be a global thermonuclear war by 2070?,0.039999999999999994
26266,"Five years after AGI, will a Dyson swarm be under construction?",0.04
36887,Will the size of the US Supreme Court increase before 2029?,0.04
10574,Will a 8-year gross world product doubling complete before a 2-year doubling does?,0.040000000000000036
8662,"Will China reach 1,000 nuclear warheads by 2030?",0.040000000000000036
11129,Will the President of the United States be a member of the Republican Party throughout the entirety of next two presidential terms (spanning 2025-2033)?,0.040000000000000036
8516,Will more than 50% of US adults own a personal augmented reality device by 2050?,0.0406782338832723
3112,"Will Mars have a permanent population of 10,000 before the Moon does?",0.041000000000000036
14060,Will there be a sustained human settlement on the Moon for at least 1 year before 2030?,0.049
28329,"Will the Gaza war end and significant progress be made towards a two-state solution to the Israel-Palestine conflict before January 1, 2030?",0.04999999999999999
8051,Will armed conflicts between the United States and the People's Republic of China lead to at least 100 deaths before 2050?,0.04999999999999999
7660,Will the first human clone be made in China?,0.04999999999999999
15609,Will the United States become a dictatorship by 2100?,0.04999999999999999
12117,Will Virgin Galactic file for bankruptcy protection before 2026?,0.04999999999999999
1321,Will Ray Kurzweil be proven right?,0.04999999999999999
13672,Will a cryonically frozen individual be resuscitated before 2100?,0.04999999999999999
10949,Will the next Russian leader disapprove of the Russian invasion of Ukraine?,0.04999999999999999
3742,Will the average global CO₂ atmospheric concentration be less than 433.19 ppm over the 2024 to 2027 period?,0.04999999999999999
2561,Will a Metaculus user report from space before 2050?,0.04999999999999999
15537,Will a new nuclear-armed state emerge before 2030?,0.04999999999999999
26326,"Five years after AGI, will there be universal basic income?",0.05000000000000002
8512,Quantum-enhanced machine learning by 2040?,0.050000000000000044
8470,"If China invades Taiwan before 2035, will Japan respond with military forces?",0.050000000000000044
6691,Will any part of Great Britain be under monarchy in 2075?,0.050000000000000044
7444,"Will Elon Musk be the richest person in the world on December 31, 2025?",0.050000000000000044
7340,Will there be another donor on the scale of 2020 Good Ventures in the Effective Altruist space in 2026?,0.050000000000000044
9795,Will Republicans support embryo selection for intelligence more than Democrats?,0.05499999999999999
6197,Will Brazil win the FIFA World Cup by the end of 2050?,0.05999999999999994
3397,Will any OECD country achieve a 10% or greater reduction in the national rate of obesity for 3 consecutive years before 2030?,0.06
3842,Will a reliable poll of physicists reveal that a majority of those polled accept the many-worlds interpretation by 2050?,0.06
1579,Will China's GDP exceed the United States' GDP in any year before 2041?,0.06000000000000005
3477,"If human-level artificial intelligence is developed, will World GDP grow by at least 30.0% in any of the subsequent 15 years?",0.06000000000000005
5414,"Will the UK have a Labour Prime Minister on January 1, 2030?",0.06000000000000005
3021,Will the significant discrepancies in Hubble parameter determinations be resolved by 2030 within the ΛCDM standard cosmological model?,0.064
10436,Will a massive solar storm occur before 2050?,0.06999999999999995
808,"Will Europa be the first place humanity will discover extraterrestrial life, if it is discovered before 2045?",0.06999999999999995
19949,"Will at least 500,000 Palestinians be displaced from Gaza before December 31st, 2025?",0.07
8515,"By 2050, will genetic engineering techniques be available which can raise IQ by 10 points?",0.07000000000000006
3458,Will there be a culturally significant development in aging research by 2030?,0.07000000000000006
6479,Will there be adversarial use of consumer genomic data before 2030?,0.07999999999999996
5407,"If Starlink offers an IPO before 2030, will it set a record for the largest IPO?",0.07999999999999996
3351,Will Guinea Worm be eradicated by the end of 2030?,0.08000000000000002
17373,Will the U.S. have passed legislation that requires cybersecurity around AI models before 2026?,0.08000000000000007
736,"Will there be a complete 4 year interval in which world output doubles, before the first 1 year interval in which world output doubles?",0.08000000000000007
5587,Will a book written by a language model make the NY Times Best Seller list before 2030?,0.08000000000000007
15964,Will 10% or more of the top 20 biggest companies in early 2023 still be in the top 20 in 2050?,0.08999999999999997
26721,Will the S&P 500 Index increase over the year 2025?,0.08999999999999997
3360,Will ≥8% of U.S. adults self-report to follow a vegetarian diet before 2036?,0.08999999999999997
4779,Will a nuclear weapon be detonated as an act of war by 2050?,0.08999999999999997
8379,Will any country have a nuclear weapon with yield above 30 MT by 2030?,0.09
15134,Will Dubai's planned aerial taxis be operational before 2027?,0.09000000000000002
1535,Will most protons that currently make up Earth (and you) eventually decay?,0.09439342605250445
2513,"Ragnarök Question Series: if an artificial intelligence catastrophe occurs, will it reduce the human population by 95% or more?",0.09999999999999998
5212,Will a legacy automaker go bankrupt before 2030?,0.09999999999999998
13509,Will any country have a Total Fertility Rate below 0.5 before 2053?,0.09999999999999998
397,Will RoboCup announce that robots have beaten professional human soccer players before 2050?,0.09999999999999998
3150,Will no non-test nuclear weapons be detonated before 2035?,0.09999999999999998
797,Will Puerto Rico become a US state prior to 2035?,0.09999999999999998
8968,Will the Federal Reserve set a target policy rate that is negative by 2050?,0.09999999999999998
6618,Will Starlink conduct an IPO before 2030?,0.09999999999999998
17827,Will Turkey be a member of the European Union by 2040?,0.09999999999999999
15490,"Will a new federal ""Cash for Clunkers"" program be passed into law before 2027?",0.09999999999999999
8383,"If >100 offensive nuclear detonations occur in a single conflict by 2030, will this cause a global temperature drop of ≥3°C?",0.1
1662,Will any asteroid or comet have been mined in space for commercial purposes before 2030?,0.1
7405,Will there be at least one fatality in the US from a non-test nuclear detonation by 2050 if a non-test detonation causes a fatality anywhere?,0.1
1061,Will there be a 9 foot tall human by 2075?,0.1
1624,"Will a mouse be confirmed to have lived for 2,500 days before 1 January 2035?",0.10000000000000003
7250,"By the year 2100, will any jurisdiction enforce requirements for all births to be genetically engineered?",0.10000000000000003
5029,"When the next referendum is held on Scotland's Union with the United Kingdom, will Scotland vote to leave?",0.10000000000000003
2666,Will Germany fail to meet their coal commission’s goals?,0.10000000000000003
13482,Will there be a war between 2 or more EU states before 2153?,0.10999999999999999
17102,Will the US enact export controls for some generative AI software before 2026?,0.10999999999999999
899,Will the richest person in the world in 2033 have a net worth equivalent to or greater than 2% of the United States' GDP at the time?,0.10999999999999999
10953,Will Jeff Bezos hold major political office in the United States before February 2033?,0.10999999999999999
1621,"Will a senolytic therapy be approved for commercial sale by the US FDA before January 1, 2030?",0.10999999999999999
353,Will someone born before 2001 live to be 150?,0.11000000000000001
3834,"Will any conclusive evidence for extraterrestrial life, past or present, be discovered within our Solar System by 2050?",0.11999999999999997
10766,Will Georgia control South Ossetia and Abkhazia before 2028?,0.12
11127,"If China launches an invasion of Taiwan before 2035, and the US intervenes, will China attack the United States?",0.12
2713,Will there be more people with HIV/AIDS in 2037 than in 2017?,0.12
17498,"Will an armed conflict between Greece and/or Turkey and/or Cyprus cause 1,000 or more deaths before 2035?",0.12
8399,Will there be 10 or more nuclear-armed states at any time before 2035?,0.12
18174,Will solar power on Earth dominate renewable energy consumption before 2031?,0.12
7244,"If Puerto Rico becomes a US state by 2035, will their first 2 elected Senators both be Republicans?",0.12000000000000001
3616,Will a new amendment to the US Constitution be ratified by 2050?,0.12999999999999995
1558,Will the Cavendish account for less than 50% of banana exports worldwide before 2035?,0.13
1626,"Before 1 January 2050, will any human cryonically preserved for at least 1 year be successfully revived?",0.13
7925,"Will most of the first 100 IQ-selected ""designer babies"" be born in China?",0.13
20136,Will any Chinese semiconductor foundry have at least 20% of the market cap that TSMC has in 2028?,0.13
21471,Will Yulia Navalnaya ever become president or prime minister of Russia?,0.13999999999999999
5255,Will life on Venus be confirmed before 2035?,0.13999999999999999
18360,Will OpenAI claim GPT-5 is AGI within 30 days after its release?,0.13999999999999999
8050,Will Israel recognize the Islamic Emirate of Afghanistan before 2030?,0.13999999999999999
18664,Will the US unemployment rate reach 10% before 2031?,0.14
5320,Will the People's Republic of China control at least half of Taiwan before 2050?,0.14
7975,Will there be a European Army before 2032?,0.14
1591,Will the total interest in Effective Altruism on Google Trends in 2030 be at least 0.2 times the total interest in 2017?,0.14
1629,Will alien technosignatures be detected before 2050?,0.147
10933,Will Sam Bankman-Fried be one of the 100 wealthiest people in the world in 2030?,0.149
17917,Will evidence of alien technology be recovered near the IM1 crash site before 2026?,0.149
8313,Will Sam Bankman-Fried be the richest person in the world by 2050?,0.149
6378,Will there be a major nuclear accident before 2030?,0.14999999999999997
7207,Will the price of Bitcoin fall below $10 (2021 USD) before 2121?,0.14999999999999997
10614,Will Elon Musk become the first trillionaire?,0.14999999999999997
13710,Will there be a war between two or more democratic countries before 2072?,0.14999999999999997
11112,"If China invades Taiwan before 2035, will the US respond with military force?",0.14999999999999997
1568,Will we detect an exoplanet atmosphere with >5% oxygen atmosphere before 2030?,0.14999999999999997
1539,"Before 2100, will there be a 5-year period with an average global temperature >3.6˚C warmer than the 1861-1880 baseline?",0.14999999999999997
26336,"Will J.D. Vance become President of the United States before January 20, 2029?",0.14999999999999997
9825,Will Poland legalize gay marriage by 2030?,0.14999999999999997
3359,Will there be a vegetarian U.S. president by the end of 2036?,0.15
8504,Will the United States sign a Treaty on the Prohibition of Lethal Autonomous Weapons Systems before 2031?,0.15
7217,Will a CANZUK Free Movement Treaty be Adopted Before 2029?,0.15
25801,"Will the world remain ""normal"" through 2030, according to specified criteria?",0.15000000000000002
4873,Will OpenAI reach its profit cap for the first round of investors by 2035?,0.15000000000000002
2611,Will synthetic biological weapons infect 100 people by 2030?,0.15000000000000002
5678,Will Dr. Ezekiel Emanuel retract his view that he wants to die by 75?,0.15000000000000002
3385,Will humanity maintain a continuous off-Earth presence until 2050?,0.15000000000000002
16553,Will an AI system be reported to have successfully blackmailed someone for >$1000 by EOY 2028?,0.15000000000000002
7803,"Before 2070, Will there be a civil war in a country that, in January 2022, had a median age above 30?",0.15000000000000002
11124,Will the US federal government pass legislation by 2040 to provide universal healthcare for American citizens?,0.15000000000000002
4997,"If the first AGI is developed by a publicly traded company, will the company have performed at least 1.5x as well as the global equities market over the prior 12-2 months?",0.15000000000000002
7812,"If there are 100 deaths in conflict between China and Taiwan before 2050, will Taiwan receive direct military support from allied nations?",0.15000000000000002
21374,"Will the United States remain a NATO member continuously until January 1, 2029?",0.15000000000000002
10834,Will over half of US states forbid affirmative action before 2035?,0.15000000000000002
3042,"Will wildfires destroy a total exceeding 10Mha of global tree cover in any year, before 2031?",0.15000000000000002
1394,Will AI progress surprise us by predictions of AGI jumping sharply?,0.15000000000000002
19298,"Will an international AI regulatory agency, like IAEA, for oversight of transformative AI systems be established before 2030?",0.15000000000000002
9524,Will Israel be one of the first ten countries to embryo select >10% of its newborns for intelligence?,0.15000000000000002
7814,"Before 2032, will we see an event precipitated by AI malfunction that causes at least 100 deaths and/or at least $1B 2021 USD in economic damage?",0.15000000000000002
21914,"Will Bryan Caplan win his bet that real gross world product will not exceed 130% of its previous yearly peak for any single year by January 1, 2043?",0.15100000000000002
4118,Will there be a positive transition to a world with radically smarter-than-human artificial intelligence?,0.15800000000000003
3733,"Will any bitcoins belonging to Satoshi Nakamoto be spent by April 5, 2075?",0.15999999999999998
10686,Will Obergefell v. Hodges be overturned by the US Supreme Court before 2030?,0.16
4334,"If chess is solved before 2080, must perfect play result in a forced draw?",0.16000000000000003
3371,"Before 2030, will the European Union require commercially farmed fish to be stunned before being slaughtered?",0.16000000000000003
3739,Will it turn out that the Keto diet is both safe and has health benefits for some identified and significant population of people?,0.16099999999999998
12112,Will Beyond Meat file for bankruptcy protection before 2026?,0.1655185521
13743,Will a non-test ASAT weapon be used against a satellite before 2030?,0.16999999999999998
8533,Will Xi Jinping continue leading China in 2030?,0.16999999999999998
8959,What will be China's total fertility rate in 2031?,0.17573932430931913
1469,Will we know what Dark Matter is before 2050?,0.17694208169931802
8074,"If we find life on an icy moon of the gas giants by 2200, will we also find evidence of macrofauna?",0.18
4919,"At the end of 2025, will any of GiveWell's top charities perform mass deworming as their primary intervention?",0.18
8093,"Will an effort to coordinate foot voting intentionally move 10,000+ residents to a single American state by 2030?",0.18
6558,Will a functional Alcubierre drive-like FTL device be demonstrated before 2100?,0.18000000000000002
4034,"Before 2030, will C. elegans be uploaded to the satisfaction of top computational neuroscientists?",0.18000000000000002
5538,Will California carry through with Governor Newsom's plan to sell only zero-emission electric cars and passenger trucks by 2035?,0.18000000000000005
5313,Will Planet Nine be discovered before 2030?,0.18999999999999997
3393,Will DNA testing vindicate Jeanne Calment as the oldest recorded person in history?,0.19
8110,Will Saudi Arabia normalize relations with Israel by 2031 if Iran gets a nuclear bomb by then?,0.19
3812,Will Valve release a game before 2030 with 3 in the Title?,0.19
8649,"By 2100, will 2 national space agencies conclude that an interstellar object in our solar system has a non-human artificial origin?",0.19
1482,What percentage of Americans will be obese or overweight in 2030?,0.19061011999534228
1625,"By January 1, 2050, will it be possible to increase a healthy adult human's IQ by at least two standard deviations in less than 30 days?",0.191
22377,Will Python still be most popular programming language at the end of 2030?,0.19999999999999996
15602,Will ARC find that GPT-5 has autonomous replication capabilities?,0.19999999999999998
26267,"By five years after AGI, will nuclear fusion provide >10% of the world’s energy?",0.19999999999999998
3410,Will the average global CO₂ atmospheric concentration be less than 423.89 PPM over the 2024 to 2027 period (inclusive)?,0.19999999999999998
5886,Will the first female president of the United States enter office as a Republican?,0.19999999999999998
3629,Will the National Popular Vote Interstate Compact reach majority in the Electoral college before 2030?,0.19999999999999998
10667,Will Elon Musk hold major political office in the United States before February 2033?,0.2
1090,"Will the next assassination of a sitting US President occur after January 1, 2100?",0.2
4409,Will one of the first AGI claim to be conscious?,0.2
18042,Will transformative AI result in a singleton (as opposed to a multipolar world)?,0.2
4219,Will large scale solar radiation management be used to mitigate the effects of climate change in the 21st century?,0.2
17110,Will the US or California require licenses to train large AI models before 2026?,0.2
6502,Will JavaScript be the most used programming language in the 2030 Stack Overflow Developer Survey?,0.2
14441,Will at least three lithium mines operate in the US before 2030?,0.2
26114,Will French president Emmanuel Macron call another snap legislative election before 2026?,0.2
12794,"If Taiwan declares independence by 2035, will the United States appoint an ambassador within a year?",0.20000000000000007
3657,"If a single-payer healthcare system is adopted in the United States, will healthcare spending go down as a fraction of GDP?",0.20199999999999996
8363,Will there be a China-India war by 2035?,0.20999999999999996
1052,Will there be a city on Earth with a population of over 100 million by 2100?,0.20999999999999996
2751,Will the text of the Voynich manuscript be successfully translated before 2051?,0.21
917,Will a space elevator successfully be built on Earth before 2100?,0.21
6663,Will MIRI employ researchers in 2030?,0.21000000000000002
11401,"If China launches a full-scale invasion of Taiwan before 2035, will they successfully control Taiwan within three years?",0.21000000000000002
7807,Will a civil war break out in a country with median age above 30 before 2070?,0.21999999999999997
28682,"Will any country trigger article 50 to leave the European Union, before 2030?",0.21999999999999997
7740,Will marijuana be legal for recreational use in a supermajority of these strongly Republican US states before 2041?,0.21999999999999997
2534,"Will there be a ""World War Three"" before 2050?",0.22
4094,How many years will caloric restriction be demonstrated to add to one's natural lifespan?,0.22340599772904768
11045,Will a Democrat win the 2028 US presidential election?,0.22499999999999998
4429,"By 1 January 2067, will any medical interventions for healthy adults extend average lifespans by at least 25 years?",0.22999999999999998
3244,Will Robert Caro's fifth and final volume of his Lyndon Johnson biography be published during his lifetime?,0.22999999999999998
8382,"If there's a nuclear conflict involving >1,000 detonations, will that cause more than 4 billion fatalities within 10 years?",0.22999999999999998
8613,Will a non-state actor have acquired a nuclear weapon from a state by 2030?,0.23
3617,Will the US Supreme Court change its membership size before 2050?,0.23
7040,Will wheat be successfully de-allergenized by 2030?,0.23000000000000004
372,Will human brain emulation be the first successful route to human-level digital intelligence?,0.235
10768,Will Russia lose control of the Kuril Islands before 2028?,0.24
15102,"Will a military conflict between Egypt and Israel cause 1,000 or more deaths before 2030?",0.24
12613,Will Boris Johnson return as the leader of the UK Conservative Party before 2026?,0.24
10409,Will the world be free from nuclear weapons at any point before 2075?,0.24
8109,Will Saudi Arabia normalize relations with Israel by 2031 if Iran does not get a nuclear bomb by then?,0.24
17728,"Will OpenAI announce that it has solved the core technical challenges of superintelligence alignment by June 30, 2027?",0.24
686,Will a human made spaceship enter the Venusian atmosphere before 2030?,0.24000000000000005
10872,Will Lawrence v. Texas be overturned by 2030?,0.24500000000000002
4052,"If cryonics is at some point offered for free, what percentage of Americans will be signed up within 10 years?",0.24616456562036426
5885,Will Elon Musk personally set foot on the moon by 2030?,0.247
3531,Will the star Betelgeuse be observed to go supernova before 2030?,0.249
19879,Will Tesla be able to mass produce humanoid robots by the end of 2027?,0.24999999999999997
15246,Will Russia significantly incorporate Belarus into the Union State before 2030?,0.25
7457,How many nuclear weapons will be detonated offensively by 2050?,0.25
11589,Will there be a large-scale armed conflict in Russia before 2030?,0.25
7841,Will there be a non-BJP Prime Minister of India before 2030?,0.25
5253,Will Iran possess a nuclear weapon before 2030?,0.25
7599,Will the United States withdraw from any of its current mutual defence treaties by 2030?,0.25
6946,Will an anthropogenic disaster happen in China before one happens in India?,0.25
5413,"Will the UK have a Conservative Prime Minister on January 1, 2030?",0.25
824,Will a practical nuclear fusion reactor first be developed in China?,0.25
10851,Will Norway join the EU before 2035?,0.25
6702,Will Northern Ireland hold a reunification referendum before 2030?,0.25
1332,"Will global malaria mortality rates be reduced by 90% when compared with 2015 rates, by 2030?",0.25
11179,Will an AI be able to work as a competent cook in an arbitrary kitchen before 2030?,0.25
28570,"Will there be a global recession before 2026, according to the IMF?",0.25
19878,Will China be able to mass produce humanoid robots by the end of 2025?,0.25
10965,Will the United States place restrictions on compute capacity before 2050?,0.25
12020,Will the United Kingdom join the European Economic Area before 2040?,0.25
11188,"Will an AI be able to reliably construct bug-free code of more than 10,000 lines before 2030?",0.25
3858,Will the USD be the dominant global reserve currency in 2050?,0.25
610,Will a world war begin before 2151?,0.25
20953,Will an aerial drone terrorist attack result in an injury or death in the United States before 2026?,0.25
7300,Will Bill and Melinda Gates' philanthropic priorities diverge by 2030?,0.25
3621,Will a third party win a Senate election in the United States by 2050?,0.25
915,Will we discover clear evidence of proton decay by 2040?,0.25
15644,"Will North and South Korea be at war before 2050, according to WPR?",0.25
8734,What percentage of new vehicle production will be electric in the US in 2027?,0.25397274987966817
20683,Which of Scott Aaronson's five AI worlds will come to pass?,0.25523530667068367
3730,How many communist states will there be in 2050?,0.25635885122038155
2937,"Will the number of deaths from antibiotic-resistant infections per year double by December 31, 2025?",0.26
7082,"Will Reddit power user ""maxwellhill"" be confirmed to be Ghislaine Maxwell before 2026?",0.26
4968,What will be the Gini coefficient for income in the United States in 2030?,0.2630835125376636
6967,Will Soylent-like meal replacements be labeled unhealthy?,0.26999999999999996
26328,Will there be any reported human-to-human transmission of highly pathogenic avian influenza H5N1 globally before 2026?,0.26999999999999996
8328,Will the research group that is responsible for developing the first AGI be part of a non-profit corporation?,0.26999999999999996
20588,Will any Western countries go to war against each other before 2070?,0.27
15146,Will Russia’s GDP (in 2015 USD) be at least $1.50 trillion in 2030?,0.27
3665,Will renewable energy contribute between 25% and 48% to global electricity production in 2030?,0.27
4849,Will any science fiction literature originally written in Spanish win a major science fiction award before 2031?,0.27
18265,"Will AI successfully act on the instruction, “Go make $1 million on a retail web platform in a few months with just a $100,000 investment,” before January 1, 2030?",0.27211989160000005
1444,Will an openly LGBTQ person be elected President of the United States by 2041?,0.275
7445,"How many US states will decriminalize psilocybin on January 1, 2027?",0.2767612528932675
8675,Will space debris cause at least one fatality in space before 2035?,0.27999999999999997
3364,"Will Metaculus, or a licensed derivative, be operated as a public site by a publicly traded company by 2030?",0.27999999999999997
2514,"Ragnarök Question Series: if a global biological catastrophe occurs, will it reduce the human population by 95% or more?",0.27999999999999997
6608,Will most dark matter turn out to be primordial black holes?,0.27999999999999997
21548,Will there be a direct conflict between Russia and any NATO member state before 2027?,0.27999999999999997
11667,Will three of the listed countries ratify an agreement to form the East African Federation before 2030?,0.27999999999999997
5463,Will NASA return a sample of material from the surface of Mars to Earth before SpaceX Starship lands on Mars?,0.28
16404,Will the Chinese Yuan be among the top 3 global payments currencies before 2030?,0.28
9492,Will Israel be the first country to embryo select >10% of its newborns for intelligence?,0.28
3795,Will longevity escape velocity follow the development of effective life extending therapies?,0.28
20056,Will Argentina fully dollarize its economy before 2028?,0.28
7808,Will Iran recognize Israel before 2070?,0.28
1058,"Will humanity (essentially) run out of at least one element currently considered ""under serious threat"" by 2040?",0.281
4527,"Will the S&P 500 hit 10,000 points by the end of the decade?",0.28800000000000003
18515,Will a terrorist attack in Sweden cause at least one death before 2031?,0.2899999999999999
5875,"Will online poker be dead on January 1, 2031?",0.29
7329,Will one government govern 80% of Earth's population and economy by 2100?,0.29
1642,Will there be a commercial service to travel between London and New York City in under three hours before 2030?,0.3
11424,Will Andrew Yang hold high Federal office in the United States before February 1 2037?,0.3
22388,"Will the US, UK, China, or any of the countries in the EU enact a universal basic income before 2030?",0.3
10744,Will Hungary leave the EU before 2030?,0.3
1515,"Before 2028, will studies show that humans have functionally important neurogenesis throughout their life?",0.3
7857,Will a US Census in 2070 or earlier show a decline in population?,0.3
1644,Will a von Neumann probe be launched before 2050?,0.30000000000000004
10043,Will Ukraine join the EU before 2030?,0.30000000000000004
15650,Will there be a civil war in Venezuela before 2050?,0.30000000000000004
1493,"By 2100, will the human population decrease by at least 10% during any period of 5 years?",0.30000000000000004
8362,Will there be a US-China war before 2035?,0.30000000000000004
11588,Will elective abortion be banned nationally in the United States before 2030?,0.30000000000000004
1576,Fewer than 375M in extreme poverty by 2030?,0.30000000000000004
4812,How many people will die as a result of the most deadly earthquake from 2020 - 2029?,0.3041825280458745
7335,Will Freedom House report that internet freedom has declined every year until 2025?,0.30999999999999994
13752,Will US law continue prohibiting NASA cooperation with the Chinese government before 2030?,0.30999999999999994
6179,Will the USA enter a second civil war before 2031?,0.31
12245,Will SpinLaunch lift a satellite to low Earth orbit by 2032?,0.31
1598,Will Elon Musk personally go to Mars?,0.31
23387,Will an avian influenza virus in humans be declared a “Public Health Emergency of International Concern” by the World Health Organization before 2030?,0.31000000000000005
18663,Will there be major civil unrest or rioting in America before 2031?,0.31000000000000005
6506,Will there be a 10X growth in number of legal abortions conducted in Poland before 2031?,0.31000000000000005
9533,Will China be one of the first ten countries to embryo select >10% of its newborns for intelligence?,0.31000000000000005
1630,What percentage of US residents will be aged 100 years or older on January 1 2050?,0.3183311550026515
4830,What will the global fertility rate be in 2050?,0.31939399583813005
1646,Will the human condition change fundamentally before 2100?,0.31999999999999995
7406,Will a non-test nuclear detonation by a non-state actor cause at least one fatality by 2030?,0.31999999999999995
2711,Will a Guaranteed Minimum Income be introduced in any EU country before 2041?,0.31999999999999995
11199,Will more than two of Gary Marcus' proposed AI achievements come to pass before 2030?,0.31999999999999995
3870,Will there turn out to be widespread fossils of algae and lichens on Mars?,0.31999999999999995
2729,Will the first SOO Green Renewable Rail project complete and succeed before 2035?,0.32
3600,"Will Iowa host another ""first in the nation"" Democratic caucus before 2029?",0.32
15211,Will Russian territory be reduced by at least 1% before 2040?,0.32
14223,Will a US president who's not a Democrat or Republican be inaugurated before 2080?,0.32
5406,Will there be a 4 year interval in which world output doubles before 2050?,0.32
3125,"Will the United States continue to be among the 20 countries with the largest deterioration in state stability over the 2019-2029 period, according to the Fragile States Index?",0.32299999999999995
8805,Will the New York Yankees win the World Series in 2032 in exactly 6 games?,0.32999999999999996
2817,"In 2029, will the US have 3,800 or fewer nuclear weapons?",0.32999999999999996
4883,Will Metaculus anticipate the biggest unforeseen trend of the 2020s?,0.33
26360,"Five years after AGI, will there have been a World War III?",0.33
18862,Will Ukraine join NATO before 2035?,0.33
10832,Will Donald Trump be jailed or incarcerated before 2030?,0.33999999999999997
7384,Will mainstream news media report that alien technology has visited our solar system before 2030?,0.33999999999999997
7795,"Ragnarök Question Series: if a nanotechnology catastrophe occurs, will it reduce the human population by 95% or more?",0.33999999999999997
7547,"Will commercial farming of cows, pigs and chickens for meat be prohibited in the US before 2041?",0.33999999999999997
10244,Will Iran possess a nuclear weapon before 2041?,0.33999999999999997
10810,Will Russia's total territory decrease by at least 20% before 2028?,0.33999999999999997
11381,Will the Catholic Church end the requirement for clerical celibacy by 2030?,0.33999999999999997
1638,Will Alex Jones ever hold high Federal office in the United States before 2030?,0.33999999999999997
606,Will we detect a message originating from Luyten's Star before 2046?,0.33999999999999997
17791,Will Ukraine launch a nuclear weapons program before 2026?,0.33999999999999997
18075,Will Unidentified Anomalous Phenomena have an ontologically-shocking explanation?,0.33999999999999997
18839,Will mind uploading happen before AGI?,0.33999999999999997
4224,"Will Stephen Wolfram, Jonathan Gorard, or Max Piskunov receive the Nobel prize in physics before 2036?",0.33999999999999997
19691,Will there be scientifically accepted evidence of the presence of a non-human intelligence (NHI) on Earth by 2030?,0.33999999999999997
17434,Will an 'AI Bust' or 'AI Winter' Occur by the End of 2025?,0.33999999999999997
7155,Will US greenhouse gas emissions be halved by 2030?,0.33999999999999997
19999,Will Sam Altman be indicted before 2026?,0.33999999999999997
22310,Will President Luiz Inacio Lula da Silva be reelected as Brazil's president in October of 2026?,0.34
8404,"By 2050, will at least 25% of #1 NYT Best Selling Fiction be primarily written by AI?",0.34
11177,Will AI be able to read a novel and reliably answer questions about it before 2030?,0.34299999999999997
7786,Will armed conflicts between India and Pakistan lead to at least 100 deaths before 2050?,0.344
7862,Will Sam Bankman-Fried have donated $1bn 2021 USD to charitable causes before 2031?,0.345
12529,"Will King Charles III abdicate the throne of the United Kingdom before September 9, 2032?",0.34500000000000003
349,Will SpaceX land people on Mars before 2030?,0.348
20333,"Will a new SARS-CoV-2 variant classified as a VOC or worse result in at least 20,000 daily incident COVID hospitalizations in the US before July 1, 2025?",0.349
17519,Will the UK housing market crash before July 2025?,0.349
27350,Will Russia detonate a nuclear weapon in Ukraine or Ukrainian-held territory before 2026?,0.349
841,Will Metaculus exist in 2030?,0.35
10243,"If humanity goes extinct, will another intelligent civilization evolve while Earth remains habitable?",0.35
27034,"Before 2028, will powerful open-source AI be regulated more tightly than closed-source AI, through newly-enacted US law?",0.35
4785,What percentage of people cryopreserved between 2020 and 2050 will be revived by 2200?,0.35
1348,Will a mission to land a spacecraft on Europa launch by 2030?,0.35
3330,Will any person that has been cryopreserved for more than 1 year be resuscitated or emulated before 2200?,0.35
9060,"If a global catastrophe occurs, will it reduce the human population by 95% or more?",0.35
8032,Will Iran recognize the Islamic Emirate of Afghanistan before 2030?,0.35
8325,Will the research group that is responsible for developing the first AGI be part of a nationalized organization?,0.35
16720,Will China ban abortion and contraception before 2051?,0.35
491,Will China reduce their carbon emissions per GDP by 60% by 2030?,0.35
7243,"If Puerto Rico becomes a US state by 2035, will their first 2 elected Senators both be Democrats?",0.35
6806,Will lab-grown complex vital organs be used successfully in humans before 2035?,0.35
7314,Will there be a 50% decline in global meat production by 2040?,0.35
6632,Will we find life on Mars by 2050?,0.35
17408,"Will a US court fine, or order a company to pay to claimants, >=$100M because of how they used data to train a large AI model before 2026?",0.35
8600,Will oral semaglutide be approved for the treatment of obesity by the FDA or EMA by 2027?,0.35000000000000003
4923,Will the next Millennium Prize Problem be solved by AI?,0.35000000000000003
10709,Will China's CO2 emissions peak before 2030?,0.35000000000000003
21140,Will the Christian Democratic Union of Germany announce that it is open to negotiating a coalition with the Alternative for Germany before 2030?,0.35000000000000003
10643,"How many members will NATO have on December 31, 2025?",0.35999999999999993
4229,Will the number of foreign nationals in Mainland China fall between 2010 and 2030?,0.36600000000000005
8388,What will be the population living on Mars in 2050?,0.366757000233219
4924,Will the Church of Jesus Christ of Latter-Day Saints allow same-sex marriage by 2030?,0.37
1536,Will a third LIGO detector be built in India before 2028?,0.37
7041,Will soybeans be successfully de-allergenized before 2030?,0.372
7037,Will North Korea and South Korea be recognized as a unified sovereign state by 2045?,0.375
17251,What percentage of American adults in 2070 will identify as LGBTQ?,0.37888775398462493
7790,Will New York City experience a hurricane before 2030?,0.379
17112,Will the U.S. have passed legislation that requires cybersecurity around AI models before 2030?,0.37999999999999995
3124,"Will US Non-Overseas Contingency operations military deaths exceed 3,000 in any calendar year before 2032?",0.38
4051,Will Alcor offer the use of a fixative during cryopreservation procedures before 2030?,0.38
17714,Will Norway announce an official referendum about EU accession before the next parliamentary election in September 2025?,0.38
7818,Will Spain recognize Catalonia by 2070?,0.38
3127,Will either a space elevator or a skyhook transport at least 10 metric tons (cumulative payloads) before 2046?,0.38
10229,What will be Russia's fertility rate (in births per woman) in 2027?,0.38034259148580074
18444,"If China invades Taiwan before 2035, will the United Kingdom respond with military forces?",0.384
7453,"Will there be at least one fatality from nuclear detonation in North Korea by 2050, if any detonation occurs?",0.39
3608,Will the majority of leading cosmologists in 2030 agree that the evidence points to an accelerating universe?,0.39
10393,"If World War 3 happens before 2060, will the US and India be on the same side?",0.39
4524,Will the US conduct a nuclear test explosion before 2030?,0.39
9062,"After a (weak) AGI is created, how many months will it be before the first superintelligent AI is created?",0.39345582171729565
3772,Will any sovereign government issue a formal apology for their treatment of farm animals by 2200?,0.39999999999999997
5531,How many seats will be on the Supreme Court of the United States in 2030?,0.39999999999999997
6633,In how many years will humanity's descendants meet grabby aliens?,0.39999999999999997
2649,Will the Square Kilometre Array (SKA) be operational before 2031?,0.4
9570,Longbets series: will the annual average temperature anomaly above the 1850-1899 baseline be 2.0C or higher by 2037?,0.4
7109,Will Bitcoin move away from proof-of-work before 2035?,0.4
30959,"Will the US Department of Health and Human Services declare a public health emergency for H5 avian influenza before January 1, 2026?",0.4
13922,Will Australia enter a recession before 2026?,0.4
18677,Will any member country leave BRICS before 2035?,0.4
18545,Will a US aircraft carrier be destroyed in combat before 2050?,0.4
27353,"If Trump is re-elected, will he achieve a bilateral ceasefire or peace agreement in the Russo-Ukraine war during his term?",0.4
3683,Will an oracle superintelligence be developed before a general superintelligence?,0.4
3620,Will China recognize the sovereignty of Taiwan by 2050?,0.4
1495,"Ragnarök Question Series: If a global catastrophe occurs, will it be due to an artificial intelligence failure-mode?",0.4
3868,"If there is a WW3, what latitude will it start in?",0.4058379322048753
4616,Will US life expectancy at birth for both sexes fall below 75 years before 2040?,0.406
3078,"How many Starlink satellites will be in operation on January 1, 2028?",0.40702761176885915
7546,How many people will be reported to have died per year of COVID-19 on average during the years 2022-2025 in the United States?,0.4078558961632552
10176,Will more than 34 countries have committed to a stringent anti-solar-geoengineering pact before 2026?,0.41000000000000003
7209,Will anyone be convicted in the US for the possession of Bitcoin before 2060?,0.41000000000000003
19038,"By December 31st, 2028, will it be considered best practice in clinical psychology to incorporate AI tools in the diagnostic process?",0.41000000000000003
7551,Will the automated decipherment of enciphered historical manuscripts change history?,0.41000000000000003
5540,Will a US Supreme Court Justice be impeached and removed before 2030?,0.41000000000000003
15493,"Will a law that allows states other than California to set their own stringent vehicle emissions standards be enacted in the United States before January 1, 2027?",0.41700000000000004
3777,Will reducing wild animal suffering be a mainstream moral issue in America before 2200?,0.41700000000000004
1620,"What will be the heaviest payload (in kg) put into LEO by a launch vehicle that is in service on January 1, 2050?",0.42
614,Will there be a Vegan Country by 2100?,0.42
8509,"Will Meta report 1 billion active users by December 31, 2031?",0.42000000000000004
2605,Will any country's military expenditure exceed that of the United States before 2030?,0.42000000000000004
1502,"Ragnarök Question Series: If a global catastrophe occurs, will it be due to biotechnology or bioengineered organisms?",0.42000000000000004
5755,What will be the China-to-USA GDP ratio in 2050?,0.4255824031643282
7509,Will it be legal to pay taxes in the US using bitcoin before 2030?,0.43
26244,"Five years after AGI, will humans be extinct?",0.43
27148,Will the 2024 mpox outbreak exceed the 2022-2023 outbreak in confirmed cases?,0.43
4678,"Will at least one US state secede from the Union before 31 December, 2030?",0.43
737,Will SpaceX land anything on Mars before 2030?,0.43000000000000005
1494,"Ragnarök Question Series: If a global catastrophe occurs, will it be due to nuclear war?",0.43000000000000005
4123,"After a weak AGI is created, how many months will it be before the first superintelligent oracle?",0.4328254466605945
5240,What will be the 10 year compound annual growth rate for the S&P 500 in the 2020s?,0.4394757562125839
26246,"Five years after AGI, will human mind uploading have happened?",0.44
18865,"Will Ukraine have de-facto control over the Donetsk and Luhansk Oblasts before January 1st, 2030?",0.44
12348,Will 3M file for bankruptcy before 2026?,0.44
3519,One Million Martian Residents by 2075?,0.44
375,"Will any of Belgium, France, Italy, Luxembourg, Netherlands, and/or Germany leave the EU before 2027?",0.44
11856,Will Israel join the EU before 2050?,0.44
18194,Will a room-temperature and ambient-pressure superconductor be used in a commercial application before 2030?,0.44
12453,Will the UK Labour Party have a female leader before 2030?,0.44000000000000006
21761,Will combat troops from any NATO country be openly present in Ukraine before 2027 in significant numbers?,0.44000000000000006
8556,Will over half of the US Senate be women in 2050?,0.44000000000000006
9796,Will a European Union member state be one of the first 10 countries to select 10% of its population for IQ?,0.44000000000000006
3103,"What will be the lowest retail price, in 2019USD per kg, of any product containing 50% clean meat in 2026?",0.4478252944482373
17432,Will an AI system solve one of the remaining Millennium Prize Problems before July 2025?,0.449
1476,Will NASA land people on Mars prior to 2030?,0.449
6827,Will we observe a supernova in the Milky Way Galaxy before 2050?,0.44999999999999996
2621,Will the US set a new annual GDP growth rate record high before 2030?,0.44999999999999996
15370,Will the United States score in the bottom 50% for academic freedom in 2025 (according to the AFI)?,0.44999999999999996
7054,Will any top 10 global meat processor/producer go bankrupt before 2028?,0.45
20522,"If Trump is elected president in 2024, will AI foundation model reporting requirements remain in place in the US at the end of 2025?",0.45
480,"If chess is solved before 2080, must perfect play result in white winning?",0.45
7481,Will the S&P 500 rise or fall more than 15% in a single day during the 2020s?,0.45
7333,Will there be a full year with no open stock exchanges in the US by 2120?,0.45
12795,Will Taiwan/Republic of China declare independence by 2035?,0.45
4892,Will transformer derived architectures still be state of the art for language modeling in December 2025?,0.45
11324,Will AI be given legal rights or be protected from abuse anywhere in the United States before 2035?,0.45
8677,Will small modular nuclear reactors supply at least 1% of any nation's electricity by 2030?,0.45
21167,Will 1 Euro be worth less than 1 US Dollar before 2026?,0.45
11122,"Will ""slaughterbots"" kill at least 50 people outside a military conflict by 2035?",0.45000000000000007
26327,How many measles cases will be reported in the United States in 2025?,0.450102308068099
7798,Will Tom Tugendhat become UK Conservative Party Leader before 2030?,0.451
21531,Will the bubble in the Magnificent Seven pop before 2026?,0.46
605,How much global warming by 2100?,0.46504376643768147
21915,"Will Bryan Caplan win his bet that Russia will not invade a NATO member by June 10, 2040?",0.47
5768,Will any senior executives of these major public companies be imprisoned for corporate crimes before 2026?,0.47000000000000003
6476,Will Elon Musk's Tesla Roadster be visited by a spacecraft before 2050?,0.47000000000000003
8103,"Will extinction occur within 20 years of the human population falling below 400 million, if the population falls that much by 2100?",0.4700000000000001
3867,"If there is a WW3, what longitude will it start in?",0.4786053702016239
4585,What annual real return will the global stock market realize 2022-2031?,0.4792691285887369
3648,"Before 2030, will an AI complete the Turing Test in the Kurzweil/Kapor Longbet?",0.48
3289,How many gene-edited babies will have been born worldwide by the end of 2029?,0.4802374456449881
1339,Drake's Equation 3rd parameter n_e: What is the average number of habitable planets per star?,0.4836214690028842
7072,Will there be an breakaway European Soccer League match before 2030?,0.49
21930,Will Bryan Caplan win his bet that there will be no civil war in a European country (that wasn't communist in 1988) by 2046?,0.49
3290,What percent of babies born in the US in 2029 will have been conceived in vitro?,0.49160936551561474
26272,Will the winning bot in any Quarterly AI Benchmarking tournament beat the human Pro aggregate before Q3 of 2025?,0.49200000000000005
8554,Will women receive at least 70% of bachelor's degrees in the US in the year 2050?,0.498
22559,"Will TikTok still be available in the United States on December 31, 2025?",0.4981578947368421
9530,What will South Korea's fertility be in 2032?,0.49941359001101404
21799,Who will be elected President of France in 2027?,0.4996217901117438
7216,Will there be an AI Sputnik moment before 2050?,0.49999999999999994
4788,"Will artificial superintelligence precede the achievement of longevity escape velocity, if either occur by year 2300?",0.49999999999999994
16014,"Will an AI system be reported to have independently gained unauthorized access to
another computer system before 2033?",0.49999999999999994
6940,"By 2030, will at least 10,000 Americans die in a single year from a single conflict?",0.5
27902,"Will Russia repel Ukrainian forces from the Kursk Region before June 30, 2025?",0.5
9532,Will China be the first country to embryo select >10% of its newborns for intelligence?,0.5
7859,Will Turkey recognize the Islamic Emirate of Afghanistan before 2030?,0.5
27415,Will the People's Republic of China control at least half of Taiwan before 2030?,0.5
7860,Will Pakistan recognize the Islamic Emirate of Afghanistan before 2030?,0.5
10765,Will any Member State leave the Eurozone before 2030?,0.5
8636,"Will there be a war between Russia and one or more NATO countries, but not the US, by 2035?",0.5
9496,How much of France's electricity consumption will be supplied by nuclear power in 2035?,0.5072410822593412
12813,"Will there be a tsunami that kills at least 50,000 people before 2030?",0.51
22427,"Before 2030, how many new AI labs will be leading labs within 2 years of their founding?",0.515197298054002
19724,"Will Russia have significantly expanded its controlled territory in Ukraine on January 1, 2026?",0.52
2762,Will Apollo 10's Lunar Module be recovered by 2050?,0.52
4615,What annual real return will the S&P 500 realize 2022-2031?,0.5276187571218397
1433,Will the fraction of American 18-24 year-olds enrolled in colleges in 2025 be ≥10% less than were enrolled in 2015?,0.53
9734,Will China's GDP Overtake the US Before 2030?,0.53
4872,Will photonic tensor cores be ubiquitous in machine learning by 2030?,0.53
21319,Will there be a US-China war before 2050?,0.53
665,Will Kessler syndrome occur before 2050?,0.53
5344,Will there be a Nobel Prize in Physics awarded for work in string theory before 2050?,0.533
8327,Will the research group that is responsible for developing the first AGI be part of a government project?,0.54
20460,Will a Chinese firm make a large order of domestic AI chips before 2027?,0.54
7408,Will the next non-test detonation of a state’s nuclear weapon be immediately preceded by conventional conflict?,0.54
11175,Will AI be able to watch a movie and tell you accurately what is going on before 2030?,0.54
4927,"What will SpaceX be worth in 2030, in billions of nominal USD?",0.5406487707331856
1585,"Ragnarök Question Series: if a nuclear catastrophe occurs, will it reduce the human population by 95% or more?",0.5499999999999999
5459,Will Psilocybin be removed from Schedule I List before 2036?,0.5499999999999999
5832,Will China land the next person on the Moon?,0.55
17520,Will the percent of U.S. workers employed in white-collar jobs drop at least 2 percentage points below the 2022 level before 2026?,0.55
17443,"Will OpenAI release an LLM product or API that hallucinates 5x less than GPT-4 did when it was released, by June 30, 2025?",0.55
9540,Will Apple buy Peloton before 2050?,0.55
1500,"Ragnarök Question Series: If a global catastrophe occurs, will it be due to either human-made climate change or geoengineering?",0.55
4894,Will slaughterhouses be banned in the United Kingdom in 2050?,0.55
17104,Will three or more Frontier AI Labs issue a joint statement committing to constrain their AI's capabilities before 2026?,0.55
8324,Will the research group that is responsible for developing the first AGI be part of a for-profit corporation?,0.55
3366,"What will SpaceX be worth in 2030, in billions of nominal USD?",0.55
18776,Will China attempt to seize any region of Russia before 2046?,0.55
7544,"Will Próspera at any point before 2035 have at least 10,000 residents?",0.5509999999999999
8909,What will be the cost of sequencing a whole human genome in 2026 (in 2021 USD)?,0.5511757003600622
6604,Will annual US inflation reach 100% in any year before 2050?,0.56
7452,Will there be a US-Russia war before 2050?,0.5650000000000001
5243,How many Arab League member states will have normalized relations with Israel in 2027?,0.56964855752989
21245,Will we reach 2050 without the development of artificial general intelligence and without a major global conflict occurring?,0.57
7056,Will McDonald's be the first top global QSR to feature a cultivated meat product on their menu before 2027?,0.5700000000000001
5252,"Will AOC be the Democratic presidential nominee in 2024, 2028, or 2032?",0.5700000000000001
5423,Will Stripe reach a valuation of $1 trillion (2020 USD) before 2027?,0.5700000000000001
8183,Will a major cryptid discovery be made by 2040?,0.575
26522,"Five years after AGI, will an AI company be a military power?",0.5800000000000001
20172,"Before 2026, will OpenAI's commercial operations cease to be governed by its nonprofit board of directors?",0.5800000000000001
4798,"What will Tesla's market capitalization be on January 1, 2030?",0.5809441101923353
13271,How many spacecraft will land on the moon from 2022 through 2025?,0.5832107205202153
4507,What percentage of top colleges in the United States will not require the SAT or ACT for freshman admittance in 2030?,0.5841015888393566
1651,Will there be a breakthrough in accurately predicting protein structure before 2031?,0.59
10626,Will Blake Masters be President of the United States before 2070?,0.59
7792,Will armed conflicts between the Republic of China (Taiwan) and the People's Republic of China (PRC) lead to at least 100 deaths before 2026?,0.5900000000000001
13467,"Will at least ten countries have committed to any diplomatic agreement restricting solar geoengineering, before 2026?",0.5900000000000001
8786,Will Russia annex any part of any Baltic country by 2035?,0.597
980,Will Tesla become the largest car company in the world (by sales) before 2035?,0.6
26715,"By five years after AGI, will an engineered pandemic have infected one billion people?",0.6
6455,Will the EU have a mandatory multi-tiered animal welfare labelling scheme in place by 2025?,0.6
111,"Will there be a total solar eclipse on June 25, 2522?",0.6
6356,Will AES-256 be publicly broken by 2040?,0.6
7882,"By 2030, will at least 1% of Gallup respondents report the most important problem facing the US is something relating to space?",0.6
1538,Will Metaculus predict that artificial intelligence continues to pose a global catastrophic risk by 2040?,0.6
10036,"If World War 3 happens before 2060, will the US and China be on the same side?",0.6
2823,Will there be another case of smallpox by the end of 2029?,0.6
3332,Will James Bedford be revived or emulated before 2200?,0.6
384,Will there be Human-machine intelligence parity before 2040?,0.6
4290,Will NAD+ boosters be shown in a systematic review to increase human lifespan by >=5% by 2030?,0.6
4055,Will the first AGI be based on deep learning?,0.6
1454,What will be the total aggregate score given to China by Freedom House for the calendar year 2028?,0.6048308266608027
26359,"Five years after AGI, will a single AI company dominate the world economy?",0.61
5048,Will the United Kingdom rejoin the European Union before 2030?,0.61
20406,Will Trump win the 2024 presidential election and retain supreme executive power past 2028?,0.61
10806,Will Ukraine join the Union State before 2040?,0.61
594,"Will there be more than 13 people off of planet Earth on December 31, 2050?",0.61
4922,Will there be active warfare between the United States and China before 2027?,0.61
1002,Will there be any progress in human lifespan enhancement by 2100?,0.61
14456,Will Ukraine's exports in 2025 exceed those in 2021?,0.61
3593,Will renewable energy contribute 25% or less to global electricity production in 2030?,0.61
8396,"If there's a nuclear conflict involving >1,000 detonations, will humanity be extinct within 50 years?",0.61
19767,Will a US aircraft carrier be destroyed in combat before 2030?,0.613
2822,"If and when the first whole human brain is successfully emulated, 
how much will 1 hour of subjective run time cost?",0.6180142653466667
20118,"Will 20 million people follow a new, AI-created religion by the end of 2035?",0.62
27035,"Before 2100, will AI cause the human population to fall below 5000 individuals?",0.62
30960,"Will CDC report 10,000 or more H5 avian influenza cases in the United States before January 1, 2026?",0.62
1408,Does P = NP?,0.62
585,Will there be at least 2˚C of global warming by 2100?,0.62
12461,Will the UK House of Commons be elected by proportional representation before 2030?,0.625
1501,"Ragnarök Question Series: If a global catastrophe occurs, will it be due to nanotechnology failure-mode?",0.625
21270,"Will OpenAI, Google DeepMind, or Anthropic announce that they are pausing all training runs above a certain size for safety reasons, before 2026?",0.625
3645,"Longbets series: By 2030, will commercial passengers routinely fly in pilotless planes?",0.625
8326,Will the research group that is responsible for developing the first AGI be part of a university?,0.63
8599,Will the FDA or EMA withdraw approval of Semaglutide for the treatment of obesity by 2027?,0.63
8611,Will there be a China-Russia war by 2035?,0.63
15621,Will Emmanuel Macron cease being President of France before 2027?,0.63
11810,Will Scotland leave the United Kingdom before 2030?,0.63
15646,Will the United States confiscate privately owned gold collections before 2035?,0.63
9535,Will the USA be the first country to embryo select >10% of its newborns for intelligence?,0.63
8164,Will a member of the Forward Party hold any seat in the US congress or the presidency by February 1st 2029?,0.635
5039,Will the Eurozone collapse before 2030?,0.639
8475,Will Robin Hanson win his bet against Matthew Barnett on whether ems will come before de novo AGI?,0.639
6509,"Will the control problem be solved before the creation of ""weak"" Artificial General Intelligence?",0.64
6725,Will a large American city fully abolish their police department before 2035?,0.64
18683,"Will Ukraine lose non-Crimean territory by February 2029, compared to 2013?",0.64
6870,Will global fertility drop to 0.25 births per woman before 2046?,0.64
17763,Will Threads report more monthly active users than Twitter before 2026?,0.64
21965,Will Bryan Caplan win his bet that the global temperature will not rise more than 0.05C between 2015 and 2029?,0.64
3588,Will Stacey Abrams be elected president in or before the 2040 election?,0.64
10962,Will US offer India a nuclear submarine before 2026?,0.64
492,"Will any country that had nuclear weapons on July 1, 2017 give them up before 2035?",0.64
10359,Will Turkey's annual inflation fall to 4% or less before 2025?,0.64
10220,Will 95% or more of Nigerians have a bank account before 2025?,0.64
17095,Will the US place restrictions on the total compute capacity individuals or companies are allowed to have before 2026?,0.64
1604,"Ragnarök Question Series: if a global climate disaster occurs by 2100, will the Earth's human population decline by 95% or more?",0.64
11216,Will Ron DeSantis become US president by 2029?,0.64
7861,Will China recognize the Islamic Emirate of Afghanistan before 2030?,0.64
7334,Will commercial animal farming be prohibited in the US before 2041?,0.64
21856,"Will Bryan Caplan win his bet that Iran will not possess a nuclear weapon on July 31, 2025?",0.64
2619,Will there be an openly LGBT Pope before 2050?,0.641
15536,Will an AI model be developed before 2030 that can accurately predict local weather patterns up to 6 months in advance?,0.641
15277,Will Belarus become a EU candidate country before 2030?,0.642
22523,Will the U.S. employment to population ratio fall below 50% before 2027?,0.645
12539,Will Pierre Poilievre become Prime Minister of Canada before 2026?,0.645
12046,Will Kwasi Kwarteng become UK Conservative Party Leader before 2030?,0.645
18789,Will the United States return to the gold standard before 2050?,0.646
578,Will humans go extinct before 2100?,0.647
5919,Will India have a successful crewed moon landing before 2027?,0.649
10952,Will inter-racial marriage be banned in any US State by 2030?,0.649
3999,What will the peak population of Antarctica be by 2075?,0.65
1337,Drake's Equation 1st Parameter R∗: What is the average rate of formation of suitable stars (stars/year) in our galaxy?,0.65
11198,Will an AI be able to take arbitrary proofs from the mathematical literature and convert them into a symbolic form suitable for verification before 2030?,0.65
7110,What will be the population of Próspera in 2035?,0.65
3054,How many hours will the average American employee work per week in 2030?,0.6579181642189889
8538,What percentage of US car sales will be all-electric in 2050?,0.6585673432201308
8745,"Ragnarök Question Series: If a global catastrophe occurs, will it be due to naturally occuring pandemics?",0.66
4701,What percentage of vehicles on US roads will be fully electric in 2030?,0.6612778908279926
21465,"One year after a bilateral ceasefire or peace agreement is reached in the Russo-Ukrainian conflict, which side will the Wikipedia article for it say was the victor?",0.6658495394063458
17100,Will the US restrict access outside the US to some APIs to generative AI before 2026?,0.67
8614,Will a non-state actor develop their own nuclear weapon by 2030?,0.67
4882,Will any of these Reddit alternatives be more popular than Reddit by 2026?,0.67
7018,"How many years before (or after) AGI is developed, will the world real GDP be 25% higher than every previous year for the first time?",0.6763665734656713
6616,Will the Cryonics Institute go bankrupt before any of their patients are revived?,0.6799999999999999
6973,"Will the NBA raise the rim to 10'6"" (or higher) before 2030?",0.698
7932,What percent of electricity produced in the US will be from solar power in 2030?,0.6997236832243616
3144,What will be the labor force participation rate (total 16 and older) in the US for October 2025?,0.7
2802,Is the Collatz Conjecture true?,0.7
8670,Will the US President continue to have unrestricted authority to use nuclear weapons by 2030?,0.7
8107,What will be the peak human population before 2100?,0.7
1088,How many years after 2018 will the last human being be born?,0.7
9450,What percent of US energy will be produced by nuclear fission power in 2050?,0.7102628425350376
6614,What is the highest value 1 bitcoin will ever reach by 2030?,0.7206262655420753
7821,What will be Hungary's children per woman in the year 2031?,0.7211052387968834
8186,How many countries will recognize Bitcoin as legal tender on 2030-01-01?,0.7214285714285715
6601,How many vehicles will Tesla report producing in 2025?,0.73
7811,"How many nuclear weapons will be detonated offensively by 2050, if at least one offensive detonation occurs?",0.7347675162091957
2954,"How many biological humans will be alive on December 31, 2300, conditional on there being more than 500 Million?",0.740909090909091
4511,"If the human population declines to fewer than 100 million, how many years would pass until the population is above 1 billion again?",0.7499999999999999
1056,How long will the Great Pyramids be recognizable?,0.75
1343,Drake's Equation 7th parameter L: For how many years does a civilization remain detectable?,0.75
10697,What percent of new car sales in China will be electric in 2035?,0.7546226583277319
1648,What will be the greatest velocity (in c) attained by a human-made spacecraft before 2050?,0.7663560215301274
6365,"Will the Riemann Hypothesis be proved true, if it is proved by 2100?",0.77
2803,Is the halting problem for the Collatz Program computable?,0.77
3158,Will the first extraterrestrial life-forms we encounter be carbon-based?,0.7759999999999999
2812,"If a whole human brain is successfully emulated by 2100, what is the maximum number of humans that will be uploaded in any 5-year period?",0.7770858066887466
8100,What will the US murder rate be in 2030?,0.7811156462456922
3388,What percentage of U.S. adults will self-report to follow a vegan diet in 2028?,0.7869991367537429
3344,"What percentage of egg-laying hens will be cage-free, in the U.S., in June 2025?",0.7949276455587189
14089,How many months in prison will Sam Bankman-Fried be sentenced to before 2030?,0.7999999999999999
1628,What will be the longest verified human lifespan on record on January 1 2050?,0.7999999999999999
10658,"How many nuclear reactors will be in operation in the US on December 31, 2035?",0.7999999999999999
10971,What will the total market cap of all cryptocurrencies be at the start of 2027? (In billion USD),0.7999999999999999
13532,How many months in prison will Sam Bankman-Fried be sentenced to before 2026?,0.7999999999999999
8466,What percentage of primary energy in the United States will come from solar in 2031?,0.7999999999999999
1340,Drake's Equation 4th parameter f_l: On what fraction of habitable planets does any form of life emerge?,0.7999999999999999
1574,What will be the World GDP in 2028 in trillions of 2010 USD?,0.7999999999999999
8634,What percentage of Americans will be obese in 2032?,0.7999999999999999
1552,"What percent of the global population will identify as ""religiously unaffiliated"" in 2050?",0.7999999999999999
1338,Drake's Equation 2nd parameter f_p: What fraction of stars form planets?,0.7999999999999999
13920,What will be the total number of nationalities to have visited the moon by 2030?,0.7999999999999999
13919,What will be the maximum number of people simultaneously on the moon in 2030?,0.7999999999999999
13912,"What will be the number of toilets in space on January 1, 2030?",0.7999999999999999
1342,Drake's Equation 6th parameter f_c: What fraction of planets with intelligent life are capable of interstellar communication?,0.7999999999999999
26718,"Five years after AGI, how happy will people be?",0.7999999999999999
13896,How many ASAT tests will occur by 2030?,0.7999999999999999
10642,How many UN member states will formally recognize Taiwan at the end of 2025?,0.7999999999999999
14333,How old will the oldest living person be in 2100?,0.7999999999999999
6304,"What will the Federal Reserves' Industrial Production Index be for January 2030, for semiconductors, printed circuit boards and related products?",0.7999999999999999
2622,What will be the highest level of annual GDP growth in the US before 2030?,0.7999999999999999
4694,"What will real Gross World Product be in 2047, in trillions of 2020 US$?",0.7999999999999999
4518,How many billions of parameters will the largest machine learning model trained before 2030 have?,0.7999999999999999
4333,What will be the Democracy Index of the United States in 2040?,0.7999999999999999
4306,Which Artemis Moon Mission landing system will first land a person on the moon?,0.7999999999999999
4264,How many years after the silver Turing Test is passed will an AGI system be developed?,0.7999999999999999
4215,"What will be the real world GDP on the year AGI is deployed, in trillions of dollars?",0.7999999999999999
4083,"What will be the relative severity of the next US depression, compared to the Great Depression?",0.7999999999999999
6804,"By 2030, how much will the most expensive NFT be sold for, in 2020 USD?",0.7999999999999999
4050,What will the maximum world real GDP growth in percentage points be for a single year in the 21st century?,0.7999999999999999
3882,When will humanity use more than one millionth of the sun's energy output?,0.7999999999999999
3622,What will the Harvard admit rate be for the undergraduate class of 2029?,0.7999999999999999
7035,"What will be the largest cultivated meat production capacity, in metric tons per year, of a single facility by January 1, 2030?",0.7999999999999999
7038,"What will be the largest plant-based meat production capacity, in metric tons per year, of a single facility by January 1, 2030?",0.7999999999999999
7055,What proportion of well-known QSRs will offer a cultivated meat product in 2026?,0.7999999999999999
2563,What will the atmospheric CO2 concentration be in 2030?,0.7999999999999999
3384,"What will be the largest number of digits of π to have ever been computed by December 31, 2025?",0.7999999999999999
3343,What will be the exponent of the fastest known polynomial-time matrix multiplication algorithm in 2029?,0.7999999999999999
3337,What percentage of U.S. adults will self-report to follow a vegetarian diet in 2028?,0.7999999999999999
7252,"50 years after the first AGI becomes publicly known, how many hours earlier will historical consensus determine it came online?",0.7999999999999999
3325,"How many billions of poultry will be slaughtered worldwide, in the calendar year 2030, according to FAO estimates?",0.7999999999999999
3245,What will be the U.S. average weekly hours of all employees (total non-farm private) in October 2025?,0.7999999999999999
3191,What will be the labor force participation rate (total 16 and older) in the US for October 2030?,0.7999999999999999
7383,What will Peru's GDP per capita (PPP) be in 2030?,0.7999999999999999
3142,"By 2030, how many people will have ever landed on the Moon?",0.7999999999999999
3095,What will the US market for plant-based meat be worth in the year ending in April 2028?,0.7999999999999999
3019,How many small firearms per capita will there be in the US in 2029?,0.7999999999999999
2646,What will the necessary computational power to replicate human mental capability turn out to be?,0.7999999999999999
7079,How far away is the nearest independent origination of life?,0.7999999999999999
4851,What will be the percentage of the world population in $1.90-a-day (2011 PPP) poverty be in 2030?,0.7999999999999999
1341,Drake's Equation 5th Parameter f_i: On what fraction of habitable planets with life does intelligence evolve?,0.8
13897,Will a government space agency commence a crewed mission outside of the Earth-Moon system before 2030?,0.838
1402,Will Parker Solar Probe survive its 24 loops around the sun while getting just a few million miles away from the surface of our star?,0.85
